horizon,n_estimators,max_depth,learning_rate,subsample,colsample_bytree,min_child_weight,reg_alpha,reg_lambda
1,1436,10,0.0241959685945358,0.6866889190882368,0.9572870572326292,18,1.0897635584658003,2.0191700504359273
6,1427,8,0.04343960682479343,0.7574288655059266,0.6608583747057709,10,1.5158149867942714,3.2354364436682808
12,1400,8,0.04882342335911515,0.706391357420115,0.6895353296451346,14,0.3178588365046083,2.6493486753932234
24,1248,10,0.017891770715563783,0.5175523309074082,0.6067530540596703,4,0.09375109216951766,3.8245424526291196
