horizon,n_estimators,max_depth,learning_rate,subsample,colsample_bytree,min_child_weight,reg_alpha,reg_lambda
1,1030,8,0.07045307797413959,0.6956115961507412,0.9042612501600475,12,0.5260287314247915,3.7201235616537707
6,1220,9,0.024519151531445453,0.9960602689355559,0.7031889485435934,17,1.4935089185554955,0.3494400382188461
12,1074,9,0.06903322500577437,0.7188708959274546,0.7653247071319252,12,0.780108083450484,4.034181121344414
24,1075,9,0.049714137794020924,0.7520841682471129,0.8975688601108952,5,0.8423561835785877,3.6014691303206345
